year,month,revenue
2018,1,11167.590000000002
2018,2,10380.23
2018,3,10975.109999999999
2018,4,10379.370000000003
2018,5,9009.07
2018,6,13758.619999999997
2018,7,11040.699999999997
2018,8,11112.899999999998
2018,9,8145.719999999999
2018,10,7745.140000000001
2018,11,11518.509999999998
2018,12,12696.79
